{
    "Kategorie": {
        "a[A]": 0.9840360625962278,
        "a_err[A]": 0.03569965294328112,
        "b[V]": 0.14021968683259659,
        "b_err[V]": 0.21198501065325678
    },
    "Winkel": {
        "alpha1": 1.3973824414281117,
        "alpha2": 1.2309594173407747,
        "alpha3": 0.9553166181245093
    },
    "WinkelGrad": {
        "alpha1": 80.06411625951776,
        "alpha2": 70.52877936550931,
        "alpha3": 54.735610317245346
    }
}